"uav0000070_02088_s (AOS=0.0, TL=0)",,"uav0000070_04877_s (AOS=0.0, TL=0)",,"uav0000071_00816_s (AOS=0.0, TL=0)",,"uav0000071_01536_s (AOS=0.0, TL=0)",,"uav0000071_02520_s (AOS=0.0, TL=0)",,"uav0000072_02544_s (AOS=0.0, TL=0)",,"uav0000072_03792_s (AOS=0.0, TL=0)",,"uav0000072_04680_s (AOS=0.0, TL=0)",,"uav0000072_06672_s (AOS=0.0, TL=0)",,"uav0000072_08448_s (AOS=0.0, TL=0)",
IoUs,Center Errors,IoUs,Center Errors,IoUs,Center Errors,IoUs,Center Errors,IoUs,Center Errors,IoUs,Center Errors,IoUs,Center Errors,IoUs,Center Errors,IoUs,Center Errors,IoUs,Center Errors
0.0,510.61629429543274,0.0,235.00851048419503,0.0,999.9699995499865,0.0,402.9516099980245,0.0,682.0153957206538,0.0,521.1237856786043,0.0,417.9246343540902,0.0,544.3280261019086,0.0,515.7072813137313,0.0,587.9455757125825
0.0,0.0,0.0,0.0,0.0,0.0,0.0,0.0,0.0,0.0,0.0,0.0,0.0,0.0,0.0,0.0,0.0,0.0,0.0,0.0
0.0,0.0,0.0,0.0,0.0,0.0,0.0,0.0,0.0,0.0,0.0,0.0,0.0,0.0,0.0,0.0,0.0,0.0,0.0,0.0
0.0,0.0,0.0,0.0,0.0,0.0,0.0,0.0,0.0,0.0,0.0,0.0,0.0,0.0,0.0,0.0,0.0,0.0,0.0,0.0
0.0,0.0,0.0,0.0,0.0,0.0,0.0,0.0,0.0,0.0,0.0,0.0,0.0,0.0,0.0,0.0,0.0,0.0,0.0,0.0
0.0,0.0,0.0,0.0,0.0,0.0,0.0,0.0,0.0,0.0,0.0,0.0,0.0,0.0,0.0,0.0,0.0,0.0,0.0,0.0
0.0,0.0,0.0,0.0,0.0,0.0,0.0,0.0,0.0,0.0,0.0,0.0,0.0,0.0,0.0,0.0,0.0,0.0,0.0,0.0
0.0,0.0,0.0,0.0,0.0,0.0,0.0,0.0,0.0,0.0,0.0,0.0,0.0,0.0,0.0,0.0,0.0,0.0,0.0,0.0
0.0,0.0,0.0,0.0,0.0,0.0,0.0,0.0,0.0,0.0,0.0,0.0,0.0,0.0,0.0,0.0,0.0,0.0,0.0,0.0
0.0,0.0,0.0,0.0,0.0,0.0,0.0,0.0,0.0,0.0,0.0,0.0,0.0,0.0,0.0,0.0,0.0,0.0,0.0,0.0
0.0,0.0,0.0,0.0,0.0,0.0,0.0,0.0,0.0,0.0,0.0,0.0,0.0,0.0,0.0,0.0,0.0,0.0,0.0,0.0
0.0,0.0,0.0,0.0,0.0,0.0,0.0,0.0,0.0,0.0,0.0,0.0,0.0,0.0,0.0,0.0,0.0,0.0,0.0,0.0
0.0,0.0,0.0,0.0,0.0,0.0,0.0,0.0,0.0,0.0,0.0,0.0,0.0,0.0,0.0,0.0,0.0,0.0,0.0,0.0
0.0,0.0,0.0,0.0,0.0,0.0,0.0,0.0,0.0,0.0,0.0,0.0,0.0,0.0,0.0,0.0,0.0,0.0,0.0,0.0
0.0,0.0,0.0,0.0,0.0,0.0,0.0,0.0,0.0,0.0,0.0,0.0,0.0,0.0,0.0,0.0,0.0,0.0,0.0,0.0
0.0,0.0,0.0,0.0,0.0,0.0,0.0,0.0,0.0,0.0,0.0,0.0,0.0,0.0,0.0,0.0,0.0,0.0,0.0,0.0
0.0,0.0,0.0,0.0,0.0,0.0,0.0,0.0,0.0,0.0,0.0,0.0,0.0,0.0,0.0,0.0,0.0,0.0,0.0,0.0
0.0,0.0,0.0,0.0,0.0,0.0,0.0,0.0,0.0,0.0,0.0,0.0,0.0,0.0,0.0,0.0,0.0,0.0,0.0,0.0
0.0,0.0,0.0,0.0,0.0,0.0,0.0,0.0,0.0,0.0,0.0,0.0,0.0,0.0,0.0,0.0,0.0,0.0,0.0,0.0
0.0,0.0,0.0,0.0,0.0,0.0,0.0,0.0,0.0,0.0,0.0,0.0,0.0,0.0,0.0,0.0,0.0,0.0,0.0,0.0
0.0,0.0,0.0,0.0,0.0,0.0,0.0,0.0,0.0,0.0,0.0,0.0,0.0,0.0,0.0,0.0,0.0,0.0,0.0,0.0
0.0,0.0,0.0,0.0,0.0,0.0,0.0,0.0,0.0,0.0,0.0,0.0,0.0,0.0,0.0,0.0,0.0,0.0,0.0,0.0
0.0,0.0,0.0,0.0,0.0,0.0,0.0,0.0,0.0,0.0,0.0,0.0,0.0,0.0,0.0,0.0,0.0,0.0,0.0,0.0
0.0,0.0,0.0,0.0,0.0,0.0,0.0,0.0,0.0,0.0,0.0,0.0,0.0,0.0,0.0,0.0,0.0,0.0,0.0,0.0
0.0,0.0,0.0,0.0,0.0,0.0,0.0,0.0,0.0,0.0,0.0,0.0,0.0,0.0,0.0,0.0,0.0,0.0,0.0,0.0
0.0,0.0,0.0,0.0,0.0,0.0,0.0,0.0,0.0,0.0,0.0,0.0,0.0,0.0,0.0,0.0,0.0,0.0,0.0,0.0
0.0,0.0,0.0,0.0,0.0,0.0,0.0,0.0,0.0,0.0,0.0,0.0,0.0,0.0,0.0,0.0,0.0,0.0,0.0,0.0
0.0,0.0,0.0,0.0,0.0,0.0,0.0,0.0,0.0,0.0,0.0,0.0,0.0,0.0,0.0,0.0,0.0,0.0,0.0,0.0
0.0,0.0,0.0,0.0,0.0,0.0,0.0,0.0,0.0,0.0,0.0,0.0,0.0,0.0,0.0,0.0,0.0,0.0,0.0,0.0
0.0,0.0,0.0,0.0,0.0,0.0,0.0,0.0,0.0,0.0,0.0,0.0,0.0,0.0,0.0,0.0,0.0,0.0,0.0,0.0
0.0,0.0,0.0,0.0,0.0,0.0,0.0,0.0,0.0,0.0,0.0,0.0,0.0,0.0,0.0,0.0,0.0,0.0,0.0,0.0
0.0,0.0,0.0,0.0,0.0,0.0,0.0,0.0,0.0,0.0,0.0,0.0,0.0,0.0,0.0,0.0,0.0,0.0,0.0,0.0
0.0,0.0,0.0,0.0,0.0,0.0,0.0,0.0,0.0,0.0,0.0,0.0,0.0,0.0,0.0,0.0,0.0,0.0,0.0,0.0
0.0,0.0,0.0,0.0,0.0,0.0,0.0,0.0,0.0,0.0,0.0,0.0,0.0,0.0,0.0,0.0,0.0,0.0,0.0,0.0
0.0,0.0,0.0,0.0,0.0,0.0,0.0,0.0,0.0,0.0,0.0,0.0,0.0,0.0,0.0,0.0,0.0,0.0,0.0,0.0
0.0,0.0,0.0,0.0,0.0,0.0,0.0,0.0,0.0,0.0,0.0,0.0,0.0,0.0,0.0,0.0,0.0,0.0,0.0,0.0
0.0,0.0,0.0,0.0,0.0,0.0,0.0,0.0,0.0,0.0,0.0,0.0,0.0,0.0,0.0,0.0,0.0,0.0,0.0,0.0
0.0,0.0,0.0,0.0,0.0,0.0,0.0,0.0,0.0,0.0,0.0,0.0,0.0,0.0,0.0,0.0,0.0,0.0,0.0,0.0
0.0,0.0,0.0,0.0,0.0,0.0,0.0,0.0,0.0,0.0,0.0,0.0,0.0,0.0,0.0,0.0,0.0,0.0,0.0,0.0
0.0,0.0,0.0,0.0,0.0,0.0,0.0,0.0,0.0,0.0,0.0,0.0,0.0,0.0,0.0,0.0,0.0,0.0,0.0,0.0
0.0,0.0,0.0,0.0,0.0,0.0,0.0,0.0,0.0,0.0,0.0,0.0,0.0,0.0,0.0,0.0,0.0,0.0,0.0,0.0
0.0,0.0,0.0,0.0,0.0,0.0,0.0,0.0,0.0,0.0,0.0,0.0,0.0,0.0,0.0,0.0,0.0,0.0,0.0,0.0
0.0,0.0,0.0,0.0,0.0,0.0,0.0,0.0,0.0,0.0,0.0,0.0,0.0,0.0,0.0,0.0,0.0,0.0,0.0,0.0
0.0,0.0,0.0,0.0,0.0,0.0,0.0,0.0,0.0,0.0,0.0,0.0,0.0,0.0,0.0,0.0,0.0,0.0,0.0,0.0
0.0,0.0,0.0,0.0,0.0,0.0,0.0,0.0,0.0,0.0,0.0,0.0,0.0,0.0,0.0,0.0,0.0,0.0,0.0,0.0
0.0,0.0,0.0,0.0,0.0,0.0,0.0,0.0,0.0,0.0,0.0,0.0,0.0,0.0,0.0,0.0,0.0,0.0,0.0,0.0
0.0,0.0,0.0,0.0,0.0,0.0,0.0,0.0,0.0,0.0,0.0,0.0,0.0,0.0,0.0,0.0,0.0,0.0,0.0,0.0
0.0,0.0,0.0,0.0,0.0,0.0,0.0,0.0,0.0,0.0,0.0,0.0,0.0,0.0,0.0,0.0,0.0,0.0,0.0,0.0
0.0,0.0,0.0,0.0,0.0,0.0,0.0,0.0,0.0,0.0,0.0,0.0,0.0,0.0,0.0,0.0,0.0,0.0,0.0,0.0
0.0,0.0,0.0,0.0,0.0,0.0,0.0,0.0,0.0,0.0,0.0,0.0,0.0,0.0,0.0,0.0,0.0,0.0,0.0,0.0
0.0,0.0,0.0,0.0,0.0,0.0,0.0,0.0,0.0,0.0,0.0,0.0,0.0,0.0,0.0,0.0,0.0,0.0,0.0,0.0
0.0,0.0,0.0,0.0,0.0,0.0,0.0,0.0,0.0,0.0,0.0,0.0,0.0,0.0,0.0,0.0,0.0,0.0,0.0,0.0
0.0,0.0,0.0,0.0,0.0,0.0,0.0,0.0,0.0,0.0,0.0,0.0,0.0,0.0,0.0,0.0,0.0,0.0,0.0,0.0
0.0,0.0,0.0,0.0,0.0,0.0,0.0,0.0,0.0,0.0,0.0,0.0,0.0,0.0,0.0,0.0,0.0,0.0,0.0,0.0
0.0,0.0,0.0,0.0,0.0,0.0,0.0,0.0,0.0,0.0,0.0,0.0,0.0,0.0,0.0,0.0,0.0,0.0,0.0,0.0
0.0,0.0,0.0,0.0,0.0,0.0,0.0,0.0,0.0,0.0,0.0,0.0,0.0,0.0,0.0,0.0,0.0,0.0,0.0,0.0
0.0,0.0,0.0,0.0,0.0,0.0,0.0,0.0,0.0,0.0,0.0,0.0,0.0,0.0,0.0,0.0,0.0,0.0,0.0,0.0
0.0,0.0,0.0,0.0,0.0,0.0,0.0,0.0,0.0,0.0,0.0,0.0,0.0,0.0,0.0,0.0,0.0,0.0,0.0,0.0
0.0,0.0,0.0,0.0,0.0,0.0,0.0,0.0,0.0,0.0,0.0,0.0,0.0,0.0,0.0,0.0,0.0,0.0,0.0,0.0
0.0,0.0,0.0,0.0,0.0,0.0,0.0,0.0,0.0,0.0,0.0,0.0,0.0,0.0,0.0,0.0,0.0,0.0,0.0,0.0
0.0,0.0,0.0,0.0,0.0,0.0,0.0,0.0,0.0,0.0,0.0,0.0,0.0,0.0,0.0,0.0,0.0,0.0,0.0,0.0
0.0,0.0,0.0,0.0,0.0,0.0,0.0,0.0,0.0,0.0,0.0,0.0,0.0,0.0,0.0,0.0,0.0,0.0,0.0,0.0
0.0,0.0,0.0,0.0,0.0,0.0,0.0,0.0,0.0,0.0,0.0,0.0,0.0,0.0,0.0,0.0,0.0,0.0,0.0,0.0
0.0,0.0,0.0,0.0,0.0,0.0,0.0,0.0,0.0,0.0,0.0,0.0,0.0,0.0,0.0,0.0,0.0,0.0,0.0,0.0
0.0,0.0,0.0,0.0,0.0,0.0,0.0,0.0,0.0,0.0,0.0,0.0,0.0,0.0,0.0,0.0,0.0,0.0,0.0,0.0
0.0,0.0,0.0,0.0,0.0,0.0,0.0,0.0,0.0,0.0,0.0,0.0,0.0,0.0,0.0,0.0,0.0,0.0,0.0,0.0
0.0,0.0,0.0,0.0,0.0,0.0,0.0,0.0,0.0,0.0,0.0,0.0,0.0,0.0,0.0,0.0,0.0,0.0,0.0,0.0
0.0,0.0,0.0,0.0,0.0,0.0,0.0,0.0,0.0,0.0,0.0,0.0,0.0,0.0,0.0,0.0,0.0,0.0,0.0,0.0
0.0,0.0,0.0,0.0,0.0,0.0,0.0,0.0,0.0,0.0,0.0,0.0,0.0,0.0,0.0,0.0,0.0,0.0,0.0,0.0
0.0,0.0,0.0,0.0,0.0,0.0,0.0,0.0,0.0,0.0,0.0,0.0,0.0,0.0,0.0,0.0,0.0,0.0,0.0,0.0
0.0,0.0,0.0,0.0,0.0,0.0,0.0,0.0,0.0,0.0,0.0,0.0,0.0,0.0,0.0,0.0,0.0,0.0,0.0,0.0
0.0,0.0,0.0,0.0,0.0,0.0,0.0,0.0,0.0,0.0,0.0,0.0,0.0,0.0,0.0,0.0,0.0,0.0,0.0,0.0
0.0,0.0,0.0,0.0,0.0,0.0,0.0,0.0,0.0,0.0,0.0,0.0,0.0,0.0,0.0,0.0,0.0,0.0,0.0,0.0
0.0,0.0,0.0,0.0,0.0,0.0,0.0,0.0,0.0,0.0,0.0,0.0,0.0,0.0,0.0,0.0,0.0,0.0,0.0,0.0
0.0,0.0,0.0,0.0,0.0,0.0,0.0,0.0,0.0,0.0,0.0,0.0,0.0,0.0,0.0,0.0,0.0,0.0,0.0,0.0
0.0,0.0,0.0,0.0,0.0,0.0,0.0,0.0,0.0,0.0,0.0,0.0,0.0,0.0,0.0,0.0,0.0,0.0,0.0,0.0
0.0,0.0,0.0,0.0,0.0,0.0,0.0,0.0,0.0,0.0,0.0,0.0,0.0,0.0,0.0,0.0,0.0,0.0,0.0,0.0
0.0,0.0,0.0,0.0,0.0,0.0,0.0,0.0,0.0,0.0,0.0,0.0,0.0,0.0,0.0,0.0,0.0,0.0,0.0,0.0
0.0,0.0,0.0,0.0,0.0,0.0,0.0,0.0,0.0,0.0,0.0,0.0,0.0,0.0,0.0,0.0,0.0,0.0,0.0,0.0
0.0,0.0,0.0,0.0,0.0,0.0,0.0,0.0,0.0,0.0,0.0,0.0,0.0,0.0,0.0,0.0,0.0,0.0,0.0,0.0
0.0,0.0,0.0,0.0,0.0,0.0,0.0,0.0,0.0,0.0,0.0,0.0,0.0,0.0,0.0,0.0,0.0,0.0,0.0,0.0
0.0,0.0,0.0,0.0,0.0,0.0,0.0,0.0,0.0,0.0,0.0,0.0,0.0,0.0,0.0,0.0,0.0,0.0,0.0,0.0
0.0,0.0,0.0,0.0,0.0,0.0,0.0,0.0,0.0,0.0,0.0,0.0,0.0,0.0,0.0,0.0,0.0,0.0,0.0,0.0
0.0,0.0,0.0,0.0,0.0,0.0,0.0,0.0,0.0,0.0,0.0,0.0,0.0,0.0,0.0,0.0,0.0,0.0,0.0,0.0
0.0,0.0,0.0,0.0,0.0,0.0,0.0,0.0,0.0,0.0,0.0,0.0,0.0,0.0,0.0,0.0,0.0,0.0,0.0,0.0
0.0,0.0,0.0,0.0,0.0,0.0,0.0,0.0,0.0,0.0,0.0,0.0,0.0,0.0,0.0,0.0,0.0,0.0,0.0,0.0
0.0,0.0,0.0,0.0,0.0,0.0,0.0,0.0,0.0,0.0,0.0,0.0,0.0,0.0,0.0,0.0,0.0,0.0,0.0,0.0
0.0,0.0,0.0,0.0,0.0,0.0,0.0,0.0,0.0,0.0,0.0,0.0,0.0,0.0,0.0,0.0,0.0,0.0,0.0,0.0
0.0,0.0,0.0,0.0,0.0,0.0,0.0,0.0,0.0,0.0,0.0,0.0,0.0,0.0,0.0,0.0,0.0,0.0,0.0,0.0
0.0,0.0,0.0,0.0,0.0,0.0,0.0,0.0,0.0,0.0,0.0,0.0,0.0,0.0,0.0,0.0,0.0,0.0,0.0,0.0
0.0,0.0,0.0,0.0,0.0,0.0,0.0,0.0,0.0,0.0,0.0,0.0,0.0,0.0,0.0,0.0,0.0,0.0,0.0,0.0
0.0,0.0,0.0,0.0,0.0,0.0,0.0,0.0,0.0,0.0,0.0,0.0,0.0,0.0,0.0,0.0,0.0,0.0,0.0,0.0
0.0,0.0,0.0,0.0,0.0,0.0,0.0,0.0,0.0,0.0,0.0,0.0,0.0,0.0,0.0,0.0,0.0,0.0,0.0,0.0
0.0,0.0,0.0,0.0,0.0,0.0,0.0,0.0,0.0,0.0,0.0,0.0,0.0,0.0,0.0,0.0,0.0,0.0,0.0,0.0
0.0,0.0,0.0,0.0,0.0,0.0,0.0,0.0,0.0,0.0,0.0,0.0,0.0,0.0,0.0,0.0,0.0,0.0,0.0,0.0
0.0,0.0,0.0,0.0,0.0,0.0,0.0,0.0,0.0,0.0,0.0,0.0,0.0,0.0,0.0,0.0,0.0,0.0,0.0,0.0
0.0,0.0,0.0,0.0,0.0,0.0,0.0,0.0,0.0,0.0,0.0,0.0,0.0,0.0,0.0,0.0,0.0,0.0,0.0,0.0
0.0,0.0,0.0,0.0,0.0,0.0,0.0,0.0,0.0,0.0,0.0,0.0,0.0,0.0,0.0,0.0,0.0,0.0,0.0,0.0
0.0,0.0,0.0,0.0,0.0,0.0,0.0,0.0,0.0,0.0,0.0,0.0,0.0,0.0,0.0,0.0,0.0,0.0,0.0,0.0
0.0,0.0,0.0,0.0,0.0,0.0,0.0,0.0,0.0,0.0,0.0,0.0,0.0,0.0,0.0,0.0,0.0,0.0,0.0,0.0
0.0,0.0,0.0,0.0,0.0,0.0,0.0,0.0,0.0,0.0,0.0,0.0,0.0,0.0,0.0,0.0,0.0,0.0,0.0,0.0
0.0,0.0,0.0,0.0,0.0,0.0,0.0,0.0,0.0,0.0,0.0,0.0,0.0,0.0,0.0,0.0,0.0,0.0,0.0,0.0
0.0,0.0,0.0,0.0,0.0,0.0,0.0,0.0,0.0,0.0,0.0,0.0,0.0,0.0,0.0,0.0,0.0,0.0,0.0,0.0
0.0,0.0,0.0,0.0,0.0,0.0,0.0,0.0,0.0,0.0,0.0,0.0,0.0,0.0,0.0,0.0,0.0,0.0,0.0,0.0
0.0,0.0,0.0,0.0,0.0,0.0,0.0,0.0,0.0,0.0,0.0,0.0,0.0,0.0,0.0,0.0,0.0,0.0,0.0,0.0
0.0,0.0,0.0,0.0,0.0,0.0,0.0,0.0,0.0,0.0,0.0,0.0,0.0,0.0,0.0,0.0,0.0,0.0,0.0,0.0
0.0,0.0,0.0,0.0,0.0,0.0,0.0,0.0,0.0,0.0,0.0,0.0,0.0,0.0,0.0,0.0,0.0,0.0,0.0,0.0
0.0,0.0,0.0,0.0,0.0,0.0,0.0,0.0,0.0,0.0,0.0,0.0,0.0,0.0,0.0,0.0,0.0,0.0,0.0,0.0
0.0,0.0,0.0,0.0,0.0,0.0,0.0,0.0,0.0,0.0,0.0,0.0,0.0,0.0,0.0,0.0,0.0,0.0,0.0,0.0
0.0,0.0,0.0,0.0,0.0,0.0,0.0,0.0,0.0,0.0,0.0,0.0,0.0,0.0,0.0,0.0,0.0,0.0,0.0,0.0
0.0,0.0,0.0,0.0,0.0,0.0,0.0,0.0,0.0,0.0,0.0,0.0,0.0,0.0,0.0,0.0,0.0,0.0,0.0,0.0
0.0,0.0,0.0,0.0,0.0,0.0,0.0,0.0,0.0,0.0,0.0,0.0,0.0,0.0,0.0,0.0,0.0,0.0,0.0,0.0
0.0,0.0,0.0,0.0,0.0,0.0,0.0,0.0,0.0,0.0,0.0,0.0,0.0,0.0,0.0,0.0,0.0,0.0,0.0,0.0
0.0,0.0,0.0,0.0,0.0,0.0,0.0,0.0,0.0,0.0,0.0,0.0,0.0,0.0,0.0,0.0,0.0,0.0,0.0,0.0
0.0,0.0,0.0,0.0,0.0,0.0,0.0,0.0,0.0,0.0,0.0,0.0,0.0,0.0,0.0,0.0,0.0,0.0,0.0,0.0
0.0,0.0,0.0,0.0,0.0,0.0,0.0,0.0,0.0,0.0,0.0,0.0,0.0,0.0,0.0,0.0,0.0,0.0,0.0,0.0
0.0,0.0,0.0,0.0,0.0,0.0,0.0,0.0,0.0,0.0,0.0,0.0,0.0,0.0,0.0,0.0,0.0,0.0,0.0,0.0
0.0,0.0,0.0,0.0,0.0,0.0,0.0,0.0,0.0,0.0,0.0,0.0,0.0,0.0,0.0,0.0,0.0,0.0,0.0,0.0
0.0,0.0,0.0,0.0,0.0,0.0,0.0,0.0,0.0,0.0,0.0,0.0,0.0,0.0,0.0,0.0,0.0,0.0,0.0,0.0
0.0,0.0,0.0,0.0,0.0,0.0,0.0,0.0,0.0,0.0,0.0,0.0,0.0,0.0,0.0,0.0,0.0,0.0,0.0,0.0
0.0,0.0,0.0,0.0,0.0,0.0,0.0,0.0,0.0,0.0,0.0,0.0,0.0,0.0,0.0,0.0,0.0,0.0,0.0,0.0
0.0,0.0,0.0,0.0,0.0,0.0,0.0,0.0,0.0,0.0,0.0,0.0,0.0,0.0,0.0,0.0,,,0.0,0.0
0.0,0.0,0.0,0.0,0.0,0.0,0.0,0.0,0.0,0.0,0.0,0.0,0.0,0.0,0.0,0.0,,,0.0,0.0
0.0,0.0,0.0,0.0,0.0,0.0,0.0,0.0,0.0,0.0,0.0,0.0,0.0,0.0,0.0,0.0,,,0.0,0.0
0.0,0.0,0.0,0.0,0.0,0.0,0.0,0.0,0.0,0.0,0.0,0.0,0.0,0.0,0.0,0.0,,,0.0,0.0
0.0,0.0,0.0,0.0,0.0,0.0,0.0,0.0,0.0,0.0,0.0,0.0,0.0,0.0,0.0,0.0,,,0.0,0.0
0.0,0.0,0.0,0.0,0.0,0.0,0.0,0.0,0.0,0.0,0.0,0.0,0.0,0.0,0.0,0.0,,,0.0,0.0
0.0,0.0,0.0,0.0,0.0,0.0,0.0,0.0,0.0,0.0,0.0,0.0,0.0,0.0,0.0,0.0,,,0.0,0.0
0.0,0.0,0.0,0.0,0.0,0.0,0.0,0.0,0.0,0.0,0.0,0.0,0.0,0.0,0.0,0.0,,,0.0,0.0
0.0,0.0,0.0,0.0,0.0,0.0,0.0,0.0,0.0,0.0,0.0,0.0,0.0,0.0,0.0,0.0,,,0.0,0.0
0.0,0.0,0.0,0.0,0.0,0.0,0.0,0.0,0.0,0.0,0.0,0.0,0.0,0.0,0.0,0.0,,,0.0,0.0
0.0,0.0,0.0,0.0,0.0,0.0,0.0,0.0,0.0,0.0,0.0,0.0,0.0,0.0,0.0,0.0,,,0.0,0.0
0.0,0.0,0.0,0.0,0.0,0.0,0.0,0.0,0.0,0.0,0.0,0.0,0.0,0.0,0.0,0.0,,,0.0,0.0
0.0,0.0,0.0,0.0,0.0,0.0,0.0,0.0,0.0,0.0,0.0,0.0,0.0,0.0,0.0,0.0,,,0.0,0.0
0.0,0.0,0.0,0.0,0.0,0.0,0.0,0.0,0.0,0.0,0.0,0.0,0.0,0.0,0.0,0.0,,,0.0,0.0
0.0,0.0,0.0,0.0,0.0,0.0,0.0,0.0,0.0,0.0,0.0,0.0,0.0,0.0,0.0,0.0,,,0.0,0.0
0.0,0.0,0.0,0.0,0.0,0.0,0.0,0.0,0.0,0.0,0.0,0.0,0.0,0.0,0.0,0.0,,,0.0,0.0
0.0,0.0,0.0,0.0,0.0,0.0,0.0,0.0,0.0,0.0,0.0,0.0,0.0,0.0,0.0,0.0,,,0.0,0.0
0.0,0.0,0.0,0.0,0.0,0.0,0.0,0.0,0.0,0.0,0.0,0.0,0.0,0.0,0.0,0.0,,,0.0,0.0
0.0,0.0,0.0,0.0,0.0,0.0,0.0,0.0,0.0,0.0,0.0,0.0,0.0,0.0,0.0,0.0,,,0.0,0.0
0.0,0.0,0.0,0.0,0.0,0.0,0.0,0.0,0.0,0.0,0.0,0.0,0.0,0.0,0.0,0.0,,,0.0,0.0
0.0,0.0,0.0,0.0,0.0,0.0,0.0,0.0,0.0,0.0,0.0,0.0,0.0,0.0,0.0,0.0,,,0.0,0.0
0.0,0.0,0.0,0.0,0.0,0.0,0.0,0.0,0.0,0.0,0.0,0.0,0.0,0.0,0.0,0.0,,,0.0,0.0
0.0,0.0,0.0,0.0,0.0,0.0,0.0,0.0,0.0,0.0,0.0,0.0,0.0,0.0,0.0,0.0,,,0.0,0.0
0.0,0.0,0.0,0.0,0.0,0.0,0.0,0.0,0.0,0.0,0.0,0.0,0.0,0.0,0.0,0.0,,,0.0,0.0
0.0,0.0,0.0,0.0,0.0,0.0,0.0,0.0,0.0,0.0,0.0,0.0,0.0,0.0,0.0,0.0,,,,
0.0,0.0,0.0,0.0,0.0,0.0,0.0,0.0,0.0,0.0,0.0,0.0,0.0,0.0,0.0,0.0,,,,
0.0,0.0,0.0,0.0,0.0,0.0,0.0,0.0,0.0,0.0,0.0,0.0,0.0,0.0,0.0,0.0,,,,
0.0,0.0,0.0,0.0,0.0,0.0,0.0,0.0,0.0,0.0,0.0,0.0,0.0,0.0,0.0,0.0,,,,
0.0,0.0,0.0,0.0,0.0,0.0,0.0,0.0,0.0,0.0,0.0,0.0,0.0,0.0,0.0,0.0,,,,
0.0,0.0,0.0,0.0,0.0,0.0,0.0,0.0,0.0,0.0,0.0,0.0,0.0,0.0,0.0,0.0,,,,
0.0,0.0,0.0,0.0,0.0,0.0,0.0,0.0,0.0,0.0,0.0,0.0,0.0,0.0,0.0,0.0,,,,
0.0,0.0,0.0,0.0,0.0,0.0,0.0,0.0,0.0,0.0,0.0,0.0,0.0,0.0,0.0,0.0,,,,
0.0,0.0,0.0,0.0,0.0,0.0,0.0,0.0,0.0,0.0,0.0,0.0,0.0,0.0,0.0,0.0,,,,
0.0,0.0,0.0,0.0,0.0,0.0,0.0,0.0,0.0,0.0,0.0,0.0,0.0,0.0,0.0,0.0,,,,
0.0,0.0,0.0,0.0,0.0,0.0,0.0,0.0,0.0,0.0,0.0,0.0,0.0,0.0,0.0,0.0,,,,
0.0,0.0,0.0,0.0,0.0,0.0,0.0,0.0,0.0,0.0,0.0,0.0,0.0,0.0,0.0,0.0,,,,
0.0,0.0,0.0,0.0,0.0,0.0,0.0,0.0,0.0,0.0,0.0,0.0,0.0,0.0,0.0,0.0,,,,
0.0,0.0,0.0,0.0,0.0,0.0,0.0,0.0,0.0,0.0,0.0,0.0,0.0,0.0,0.0,0.0,,,,
0.0,0.0,0.0,0.0,0.0,0.0,0.0,0.0,0.0,0.0,0.0,0.0,0.0,0.0,0.0,0.0,,,,
0.0,0.0,0.0,0.0,0.0,0.0,0.0,0.0,0.0,0.0,0.0,0.0,0.0,0.0,0.0,0.0,,,,
0.0,0.0,0.0,0.0,0.0,0.0,0.0,0.0,0.0,0.0,0.0,0.0,0.0,0.0,0.0,0.0,,,,
0.0,0.0,0.0,0.0,0.0,0.0,0.0,0.0,0.0,0.0,0.0,0.0,0.0,0.0,0.0,0.0,,,,
0.0,0.0,0.0,0.0,0.0,0.0,0.0,0.0,0.0,0.0,0.0,0.0,0.0,0.0,0.0,0.0,,,,
0.0,0.0,0.0,0.0,0.0,0.0,0.0,0.0,0.0,0.0,0.0,0.0,0.0,0.0,0.0,0.0,,,,
0.0,0.0,0.0,0.0,0.0,0.0,0.0,0.0,0.0,0.0,0.0,0.0,0.0,0.0,0.0,0.0,,,,
0.0,0.0,0.0,0.0,0.0,0.0,0.0,0.0,0.0,0.0,0.0,0.0,0.0,0.0,0.0,0.0,,,,
0.0,0.0,0.0,0.0,0.0,0.0,0.0,0.0,0.0,0.0,0.0,0.0,0.0,0.0,0.0,0.0,,,,
0.0,0.0,0.0,0.0,0.0,0.0,0.0,0.0,0.0,0.0,0.0,0.0,0.0,0.0,0.0,0.0,,,,
0.0,0.0,0.0,0.0,0.0,0.0,0.0,0.0,0.0,0.0,0.0,0.0,0.0,0.0,0.0,0.0,,,,
0.0,0.0,0.0,0.0,0.0,0.0,0.0,0.0,0.0,0.0,0.0,0.0,0.0,0.0,0.0,0.0,,,,
0.0,0.0,0.0,0.0,0.0,0.0,0.0,0.0,0.0,0.0,0.0,0.0,0.0,0.0,0.0,0.0,,,,
0.0,0.0,0.0,0.0,0.0,0.0,0.0,0.0,0.0,0.0,0.0,0.0,0.0,0.0,0.0,0.0,,,,
0.0,0.0,0.0,0.0,0.0,0.0,0.0,0.0,0.0,0.0,0.0,0.0,0.0,0.0,0.0,0.0,,,,
0.0,0.0,0.0,0.0,0.0,0.0,0.0,0.0,0.0,0.0,0.0,0.0,0.0,0.0,0.0,0.0,,,,
0.0,0.0,0.0,0.0,0.0,0.0,0.0,0.0,0.0,0.0,0.0,0.0,0.0,0.0,0.0,0.0,,,,
0.0,0.0,0.0,0.0,0.0,0.0,0.0,0.0,0.0,0.0,0.0,0.0,0.0,0.0,0.0,0.0,,,,
0.0,0.0,0.0,0.0,0.0,0.0,0.0,0.0,0.0,0.0,0.0,0.0,0.0,0.0,0.0,0.0,,,,
0.0,0.0,0.0,0.0,0.0,0.0,0.0,0.0,0.0,0.0,0.0,0.0,0.0,0.0,0.0,0.0,,,,
0.0,0.0,0.0,0.0,0.0,0.0,0.0,0.0,0.0,0.0,0.0,0.0,0.0,0.0,0.0,0.0,,,,
0.0,0.0,0.0,0.0,0.0,0.0,0.0,0.0,0.0,0.0,0.0,0.0,0.0,0.0,0.0,0.0,,,,
0.0,0.0,0.0,0.0,0.0,0.0,0.0,0.0,0.0,0.0,0.0,0.0,0.0,0.0,0.0,0.0,,,,
0.0,0.0,0.0,0.0,0.0,0.0,0.0,0.0,0.0,0.0,0.0,0.0,0.0,0.0,0.0,0.0,,,,
0.0,0.0,0.0,0.0,0.0,0.0,0.0,0.0,0.0,0.0,0.0,0.0,0.0,0.0,0.0,0.0,,,,
0.0,0.0,0.0,0.0,0.0,0.0,0.0,0.0,0.0,0.0,0.0,0.0,0.0,0.0,0.0,0.0,,,,
0.0,0.0,0.0,0.0,0.0,0.0,0.0,0.0,0.0,0.0,0.0,0.0,0.0,0.0,0.0,0.0,,,,
0.0,0.0,0.0,0.0,0.0,0.0,0.0,0.0,0.0,0.0,0.0,0.0,0.0,0.0,0.0,0.0,,,,
0.0,0.0,0.0,0.0,0.0,0.0,0.0,0.0,0.0,0.0,0.0,0.0,0.0,0.0,0.0,0.0,,,,
0.0,0.0,0.0,0.0,0.0,0.0,0.0,0.0,0.0,0.0,0.0,0.0,0.0,0.0,0.0,0.0,,,,
0.0,0.0,0.0,0.0,0.0,0.0,0.0,0.0,0.0,0.0,0.0,0.0,0.0,0.0,0.0,0.0,,,,
0.0,0.0,0.0,0.0,0.0,0.0,0.0,0.0,0.0,0.0,0.0,0.0,0.0,0.0,0.0,0.0,,,,
0.0,0.0,0.0,0.0,0.0,0.0,0.0,0.0,0.0,0.0,0.0,0.0,0.0,0.0,0.0,0.0,,,,
0.0,0.0,0.0,0.0,0.0,0.0,0.0,0.0,0.0,0.0,0.0,0.0,0.0,0.0,0.0,0.0,,,,
0.0,0.0,0.0,0.0,0.0,0.0,0.0,0.0,0.0,0.0,0.0,0.0,0.0,0.0,,,,,,
0.0,0.0,0.0,0.0,0.0,0.0,0.0,0.0,0.0,0.0,0.0,0.0,0.0,0.0,,,,,,
0.0,0.0,0.0,0.0,0.0,0.0,0.0,0.0,0.0,0.0,0.0,0.0,0.0,0.0,,,,,,
0.0,0.0,0.0,0.0,0.0,0.0,0.0,0.0,0.0,0.0,0.0,0.0,0.0,0.0,,,,,,
0.0,0.0,0.0,0.0,0.0,0.0,0.0,0.0,0.0,0.0,0.0,0.0,0.0,0.0,,,,,,
0.0,0.0,0.0,0.0,0.0,0.0,0.0,0.0,0.0,0.0,0.0,0.0,0.0,0.0,,,,,,
0.0,0.0,0.0,0.0,0.0,0.0,0.0,0.0,0.0,0.0,0.0,0.0,0.0,0.0,,,,,,
0.0,0.0,0.0,0.0,0.0,0.0,0.0,0.0,0.0,0.0,0.0,0.0,0.0,0.0,,,,,,
0.0,0.0,0.0,0.0,0.0,0.0,0.0,0.0,0.0,0.0,0.0,0.0,0.0,0.0,,,,,,
0.0,0.0,0.0,0.0,0.0,0.0,0.0,0.0,0.0,0.0,0.0,0.0,0.0,0.0,,,,,,
0.0,0.0,0.0,0.0,0.0,0.0,0.0,0.0,0.0,0.0,0.0,0.0,0.0,0.0,,,,,,
0.0,0.0,0.0,0.0,0.0,0.0,0.0,0.0,0.0,0.0,0.0,0.0,0.0,0.0,,,,,,
0.0,0.0,0.0,0.0,0.0,0.0,0.0,0.0,0.0,0.0,0.0,0.0,0.0,0.0,,,,,,
0.0,0.0,0.0,0.0,0.0,0.0,0.0,0.0,0.0,0.0,0.0,0.0,0.0,0.0,,,,,,
0.0,0.0,0.0,0.0,0.0,0.0,0.0,0.0,0.0,0.0,0.0,0.0,0.0,0.0,,,,,,
0.0,0.0,0.0,0.0,0.0,0.0,0.0,0.0,0.0,0.0,0.0,0.0,0.0,0.0,,,,,,
0.0,0.0,0.0,0.0,0.0,0.0,0.0,0.0,0.0,0.0,0.0,0.0,0.0,0.0,,,,,,
0.0,0.0,0.0,0.0,0.0,0.0,0.0,0.0,0.0,0.0,0.0,0.0,0.0,0.0,,,,,,
0.0,0.0,0.0,0.0,0.0,0.0,0.0,0.0,0.0,0.0,0.0,0.0,0.0,0.0,,,,,,
0.0,0.0,0.0,0.0,0.0,0.0,0.0,0.0,0.0,0.0,0.0,0.0,0.0,0.0,,,,,,
0.0,0.0,0.0,0.0,0.0,0.0,0.0,0.0,0.0,0.0,0.0,0.0,0.0,0.0,,,,,,
0.0,0.0,0.0,0.0,0.0,0.0,0.0,0.0,0.0,0.0,0.0,0.0,0.0,0.0,,,,,,
0.0,0.0,0.0,0.0,0.0,0.0,0.0,0.0,0.0,0.0,0.0,0.0,0.0,0.0,,,,,,
0.0,0.0,0.0,0.0,0.0,0.0,0.0,0.0,0.0,0.0,0.0,0.0,0.0,0.0,,,,,,
,,0.0,0.0,0.0,0.0,0.0,0.0,0.0,0.0,0.0,0.0,0.0,0.0,,,,,,
,,0.0,0.0,0.0,0.0,0.0,0.0,0.0,0.0,0.0,0.0,0.0,0.0,,,,,,
,,0.0,0.0,0.0,0.0,0.0,0.0,0.0,0.0,0.0,0.0,0.0,0.0,,,,,,
,,0.0,0.0,0.0,0.0,0.0,0.0,0.0,0.0,0.0,0.0,0.0,0.0,,,,,,
,,0.0,0.0,0.0,0.0,0.0,0.0,0.0,0.0,0.0,0.0,0.0,0.0,,,,,,
,,0.0,0.0,0.0,0.0,0.0,0.0,0.0,0.0,0.0,0.0,0.0,0.0,,,,,,
,,0.0,0.0,0.0,0.0,0.0,0.0,0.0,0.0,0.0,0.0,0.0,0.0,,,,,,
,,0.0,0.0,0.0,0.0,0.0,0.0,0.0,0.0,0.0,0.0,0.0,0.0,,,,,,
,,0.0,0.0,0.0,0.0,0.0,0.0,0.0,0.0,0.0,0.0,0.0,0.0,,,,,,
,,0.0,0.0,0.0,0.0,0.0,0.0,0.0,0.0,0.0,0.0,0.0,0.0,,,,,,
,,0.0,0.0,0.0,0.0,0.0,0.0,0.0,0.0,0.0,0.0,0.0,0.0,,,,,,
,,0.0,0.0,0.0,0.0,0.0,0.0,0.0,0.0,0.0,0.0,0.0,0.0,,,,,,
,,0.0,0.0,0.0,0.0,0.0,0.0,0.0,0.0,0.0,0.0,0.0,0.0,,,,,,
,,0.0,0.0,0.0,0.0,0.0,0.0,0.0,0.0,0.0,0.0,0.0,0.0,,,,,,
,,0.0,0.0,0.0,0.0,0.0,0.0,0.0,0.0,0.0,0.0,0.0,0.0,,,,,,
,,0.0,0.0,0.0,0.0,0.0,0.0,0.0,0.0,0.0,0.0,0.0,0.0,,,,,,
,,0.0,0.0,0.0,0.0,0.0,0.0,0.0,0.0,0.0,0.0,0.0,0.0,,,,,,
,,0.0,0.0,0.0,0.0,0.0,0.0,0.0,0.0,0.0,0.0,0.0,0.0,,,,,,
,,0.0,0.0,0.0,0.0,0.0,0.0,0.0,0.0,0.0,0.0,0.0,0.0,,,,,,
,,0.0,0.0,0.0,0.0,0.0,0.0,0.0,0.0,0.0,0.0,0.0,0.0,,,,,,
,,0.0,0.0,0.0,0.0,0.0,0.0,0.0,0.0,0.0,0.0,0.0,0.0,,,,,,
,,0.0,0.0,0.0,0.0,0.0,0.0,0.0,0.0,0.0,0.0,0.0,0.0,,,,,,
,,0.0,0.0,0.0,0.0,0.0,0.0,0.0,0.0,0.0,0.0,0.0,0.0,,,,,,
,,0.0,0.0,0.0,0.0,0.0,0.0,0.0,0.0,0.0,0.0,0.0,0.0,,,,,,
,,0.0,0.0,0.0,0.0,0.0,0.0,0.0,0.0,0.0,0.0,0.0,0.0,,,,,,
,,0.0,0.0,0.0,0.0,0.0,0.0,0.0,0.0,0.0,0.0,0.0,0.0,,,,,,
,,0.0,0.0,0.0,0.0,0.0,0.0,0.0,0.0,0.0,0.0,0.0,0.0,,,,,,
,,0.0,0.0,0.0,0.0,0.0,0.0,0.0,0.0,0.0,0.0,0.0,0.0,,,,,,
,,0.0,0.0,0.0,0.0,0.0,0.0,0.0,0.0,0.0,0.0,0.0,0.0,,,,,,
,,0.0,0.0,0.0,0.0,0.0,0.0,0.0,0.0,0.0,0.0,0.0,0.0,,,,,,
,,0.0,0.0,0.0,0.0,0.0,0.0,0.0,0.0,0.0,0.0,0.0,0.0,,,,,,
,,0.0,0.0,0.0,0.0,0.0,0.0,0.0,0.0,0.0,0.0,0.0,0.0,,,,,,
,,0.0,0.0,0.0,0.0,0.0,0.0,0.0,0.0,0.0,0.0,0.0,0.0,,,,,,
,,0.0,0.0,0.0,0.0,0.0,0.0,0.0,0.0,0.0,0.0,0.0,0.0,,,,,,
,,0.0,0.0,0.0,0.0,0.0,0.0,0.0,0.0,0.0,0.0,0.0,0.0,,,,,,
,,0.0,0.0,0.0,0.0,0.0,0.0,0.0,0.0,0.0,0.0,0.0,0.0,,,,,,
,,0.0,0.0,0.0,0.0,0.0,0.0,0.0,0.0,0.0,0.0,0.0,0.0,,,,,,
,,0.0,0.0,0.0,0.0,0.0,0.0,0.0,0.0,0.0,0.0,0.0,0.0,,,,,,
,,0.0,0.0,0.0,0.0,0.0,0.0,0.0,0.0,0.0,0.0,0.0,0.0,,,,,,
,,0.0,0.0,0.0,0.0,0.0,0.0,0.0,0.0,0.0,0.0,0.0,0.0,,,,,,
,,0.0,0.0,0.0,0.0,0.0,0.0,0.0,0.0,0.0,0.0,0.0,0.0,,,,,,
,,0.0,0.0,0.0,0.0,0.0,0.0,0.0,0.0,0.0,0.0,0.0,0.0,,,,,,
,,0.0,0.0,0.0,0.0,0.0,0.0,0.0,0.0,0.0,0.0,0.0,0.0,,,,,,
,,0.0,0.0,0.0,0.0,0.0,0.0,0.0,0.0,0.0,0.0,0.0,0.0,,,,,,
,,0.0,0.0,0.0,0.0,0.0,0.0,0.0,0.0,0.0,0.0,0.0,0.0,,,,,,
,,0.0,0.0,0.0,0.0,0.0,0.0,0.0,0.0,0.0,0.0,0.0,0.0,,,,,,
,,0.0,0.0,0.0,0.0,0.0,0.0,0.0,0.0,0.0,0.0,0.0,0.0,,,,,,
,,0.0,0.0,0.0,0.0,0.0,0.0,0.0,0.0,0.0,0.0,0.0,0.0,,,,,,
,,0.0,0.0,0.0,0.0,0.0,0.0,0.0,0.0,0.0,0.0,0.0,0.0,,,,,,
,,0.0,0.0,0.0,0.0,0.0,0.0,0.0,0.0,0.0,0.0,0.0,0.0,,,,,,
,,0.0,0.0,0.0,0.0,0.0,0.0,0.0,0.0,0.0,0.0,0.0,0.0,,,,,,
,,0.0,0.0,0.0,0.0,0.0,0.0,0.0,0.0,0.0,0.0,0.0,0.0,,,,,,
,,0.0,0.0,0.0,0.0,0.0,0.0,0.0,0.0,0.0,0.0,0.0,0.0,,,,,,
,,0.0,0.0,0.0,0.0,0.0,0.0,0.0,0.0,0.0,0.0,0.0,0.0,,,,,,
,,0.0,0.0,0.0,0.0,0.0,0.0,0.0,0.0,0.0,0.0,0.0,0.0,,,,,,
,,0.0,0.0,0.0,0.0,0.0,0.0,0.0,0.0,0.0,0.0,0.0,0.0,,,,,,
,,0.0,0.0,0.0,0.0,0.0,0.0,0.0,0.0,0.0,0.0,0.0,0.0,,,,,,
,,0.0,0.0,0.0,0.0,0.0,0.0,0.0,0.0,0.0,0.0,0.0,0.0,,,,,,
,,0.0,0.0,0.0,0.0,0.0,0.0,0.0,0.0,0.0,0.0,0.0,0.0,,,,,,
,,0.0,0.0,0.0,0.0,0.0,0.0,0.0,0.0,0.0,0.0,0.0,0.0,,,,,,
,,0.0,0.0,0.0,0.0,0.0,0.0,0.0,0.0,0.0,0.0,0.0,0.0,,,,,,
,,0.0,0.0,0.0,0.0,0.0,0.0,0.0,0.0,0.0,0.0,0.0,0.0,,,,,,
,,0.0,0.0,0.0,0.0,0.0,0.0,0.0,0.0,0.0,0.0,0.0,0.0,,,,,,
,,0.0,0.0,0.0,0.0,0.0,0.0,0.0,0.0,0.0,0.0,0.0,0.0,,,,,,
,,0.0,0.0,0.0,0.0,0.0,0.0,0.0,0.0,0.0,0.0,0.0,0.0,,,,,,
,,0.0,0.0,0.0,0.0,0.0,0.0,0.0,0.0,0.0,0.0,0.0,0.0,,,,,,
,,0.0,0.0,0.0,0.0,0.0,0.0,0.0,0.0,0.0,0.0,0.0,0.0,,,,,,
,,0.0,0.0,0.0,0.0,0.0,0.0,0.0,0.0,0.0,0.0,0.0,0.0,,,,,,
,,0.0,0.0,0.0,0.0,0.0,0.0,0.0,0.0,0.0,0.0,0.0,0.0,,,,,,
,,0.0,0.0,0.0,0.0,0.0,0.0,0.0,0.0,0.0,0.0,0.0,0.0,,,,,,
,,0.0,0.0,0.0,0.0,0.0,0.0,0.0,0.0,0.0,0.0,0.0,0.0,,,,,,
,,0.0,0.0,0.0,0.0,0.0,0.0,0.0,0.0,0.0,0.0,0.0,0.0,,,,,,
,,0.0,0.0,0.0,0.0,0.0,0.0,0.0,0.0,0.0,0.0,,,,,,,,
,,0.0,0.0,0.0,0.0,0.0,0.0,0.0,0.0,0.0,0.0,,,,,,,,
,,0.0,0.0,0.0,0.0,0.0,0.0,0.0,0.0,0.0,0.0,,,,,,,,
,,0.0,0.0,0.0,0.0,0.0,0.0,0.0,0.0,0.0,0.0,,,,,,,,
,,0.0,0.0,0.0,0.0,0.0,0.0,0.0,0.0,0.0,0.0,,,,,,,,
,,0.0,0.0,0.0,0.0,0.0,0.0,0.0,0.0,0.0,0.0,,,,,,,,
,,0.0,0.0,0.0,0.0,0.0,0.0,0.0,0.0,0.0,0.0,,,,,,,,
,,0.0,0.0,0.0,0.0,0.0,0.0,0.0,0.0,0.0,0.0,,,,,,,,
,,0.0,0.0,0.0,0.0,0.0,0.0,0.0,0.0,0.0,0.0,,,,,,,,
,,0.0,0.0,0.0,0.0,0.0,0.0,0.0,0.0,0.0,0.0,,,,,,,,
,,0.0,0.0,0.0,0.0,0.0,0.0,0.0,0.0,0.0,0.0,,,,,,,,
,,0.0,0.0,0.0,0.0,0.0,0.0,0.0,0.0,0.0,0.0,,,,,,,,
,,0.0,0.0,0.0,0.0,0.0,0.0,0.0,0.0,0.0,0.0,,,,,,,,
,,0.0,0.0,0.0,0.0,0.0,0.0,0.0,0.0,0.0,0.0,,,,,,,,
,,0.0,0.0,0.0,0.0,0.0,0.0,0.0,0.0,0.0,0.0,,,,,,,,
,,0.0,0.0,0.0,0.0,0.0,0.0,0.0,0.0,0.0,0.0,,,,,,,,
,,0.0,0.0,0.0,0.0,0.0,0.0,0.0,0.0,0.0,0.0,,,,,,,,
,,0.0,0.0,0.0,0.0,0.0,0.0,0.0,0.0,0.0,0.0,,,,,,,,
,,0.0,0.0,0.0,0.0,0.0,0.0,0.0,0.0,0.0,0.0,,,,,,,,
,,0.0,0.0,0.0,0.0,0.0,0.0,0.0,0.0,0.0,0.0,,,,,,,,
,,0.0,0.0,0.0,0.0,0.0,0.0,0.0,0.0,0.0,0.0,,,,,,,,
,,0.0,0.0,0.0,0.0,0.0,0.0,0.0,0.0,0.0,0.0,,,,,,,,
,,0.0,0.0,0.0,0.0,0.0,0.0,0.0,0.0,0.0,0.0,,,,,,,,
,,0.0,0.0,0.0,0.0,0.0,0.0,0.0,0.0,0.0,0.0,,,,,,,,
,,0.0,0.0,0.0,0.0,0.0,0.0,0.0,0.0,0.0,0.0,,,,,,,,
,,0.0,0.0,0.0,0.0,0.0,0.0,0.0,0.0,0.0,0.0,,,,,,,,
,,0.0,0.0,0.0,0.0,0.0,0.0,0.0,0.0,0.0,0.0,,,,,,,,
,,0.0,0.0,0.0,0.0,0.0,0.0,0.0,0.0,0.0,0.0,,,,,,,,
,,0.0,0.0,0.0,0.0,0.0,0.0,0.0,0.0,0.0,0.0,,,,,,,,
,,0.0,0.0,0.0,0.0,0.0,0.0,0.0,0.0,0.0,0.0,,,,,,,,
,,0.0,0.0,0.0,0.0,0.0,0.0,0.0,0.0,0.0,0.0,,,,,,,,
,,0.0,0.0,0.0,0.0,0.0,0.0,0.0,0.0,0.0,0.0,,,,,,,,
,,0.0,0.0,0.0,0.0,0.0,0.0,0.0,0.0,0.0,0.0,,,,,,,,
,,0.0,0.0,0.0,0.0,0.0,0.0,0.0,0.0,0.0,0.0,,,,,,,,
,,0.0,0.0,0.0,0.0,0.0,0.0,0.0,0.0,0.0,0.0,,,,,,,,
,,0.0,0.0,0.0,0.0,0.0,0.0,0.0,0.0,0.0,0.0,,,,,,,,
,,0.0,0.0,0.0,0.0,0.0,0.0,0.0,0.0,0.0,0.0,,,,,,,,
,,0.0,0.0,0.0,0.0,0.0,0.0,0.0,0.0,0.0,0.0,,,,,,,,
,,0.0,0.0,0.0,0.0,0.0,0.0,0.0,0.0,0.0,0.0,,,,,,,,
,,0.0,0.0,0.0,0.0,0.0,0.0,0.0,0.0,0.0,0.0,,,,,,,,
,,0.0,0.0,0.0,0.0,0.0,0.0,0.0,0.0,0.0,0.0,,,,,,,,
,,0.0,0.0,0.0,0.0,0.0,0.0,0.0,0.0,0.0,0.0,,,,,,,,
,,0.0,0.0,0.0,0.0,0.0,0.0,0.0,0.0,0.0,0.0,,,,,,,,
,,,,0.0,0.0,0.0,0.0,0.0,0.0,0.0,0.0,,,,,,,,
,,,,0.0,0.0,0.0,0.0,0.0,0.0,0.0,0.0,,,,,,,,
,,,,0.0,0.0,0.0,0.0,0.0,0.0,0.0,0.0,,,,,,,,
,,,,0.0,0.0,0.0,0.0,0.0,0.0,0.0,0.0,,,,,,,,
,,,,0.0,0.0,0.0,0.0,0.0,0.0,0.0,0.0,,,,,,,,
,,,,0.0,0.0,0.0,0.0,0.0,0.0,0.0,0.0,,,,,,,,
,,,,0.0,0.0,0.0,0.0,0.0,0.0,0.0,0.0,,,,,,,,
,,,,0.0,0.0,0.0,0.0,0.0,0.0,0.0,0.0,,,,,,,,
,,,,0.0,0.0,0.0,0.0,0.0,0.0,0.0,0.0,,,,,,,,
,,,,0.0,0.0,0.0,0.0,0.0,0.0,0.0,0.0,,,,,,,,
,,,,0.0,0.0,0.0,0.0,0.0,0.0,0.0,0.0,,,,,,,,
,,,,0.0,0.0,0.0,0.0,0.0,0.0,0.0,0.0,,,,,,,,
,,,,0.0,0.0,0.0,0.0,0.0,0.0,0.0,0.0,,,,,,,,
,,,,0.0,0.0,0.0,0.0,0.0,0.0,0.0,0.0,,,,,,,,
,,,,0.0,0.0,0.0,0.0,0.0,0.0,0.0,0.0,,,,,,,,
,,,,0.0,0.0,0.0,0.0,0.0,0.0,0.0,0.0,,,,,,,,
,,,,0.0,0.0,0.0,0.0,0.0,0.0,0.0,0.0,,,,,,,,
,,,,0.0,0.0,0.0,0.0,0.0,0.0,0.0,0.0,,,,,,,,
,,,,0.0,0.0,0.0,0.0,0.0,0.0,0.0,0.0,,,,,,,,
,,,,0.0,0.0,0.0,0.0,0.0,0.0,0.0,0.0,,,,,,,,
,,,,0.0,0.0,0.0,0.0,0.0,0.0,0.0,0.0,,,,,,,,
,,,,0.0,0.0,0.0,0.0,0.0,0.0,0.0,0.0,,,,,,,,
,,,,0.0,0.0,0.0,0.0,0.0,0.0,0.0,0.0,,,,,,,,
,,,,0.0,0.0,0.0,0.0,0.0,0.0,0.0,0.0,,,,,,,,
,,,,0.0,0.0,0.0,0.0,0.0,0.0,0.0,0.0,,,,,,,,
,,,,0.0,0.0,0.0,0.0,0.0,0.0,0.0,0.0,,,,,,,,
,,,,0.0,0.0,0.0,0.0,0.0,0.0,0.0,0.0,,,,,,,,
,,,,0.0,0.0,0.0,0.0,0.0,0.0,0.0,0.0,,,,,,,,
,,,,0.0,0.0,0.0,0.0,0.0,0.0,0.0,0.0,,,,,,,,
,,,,0.0,0.0,0.0,0.0,,,0.0,0.0,,,,,,,,
,,,,0.0,0.0,0.0,0.0,,,0.0,0.0,,,,,,,,
,,,,0.0,0.0,0.0,0.0,,,0.0,0.0,,,,,,,,
,,,,0.0,0.0,0.0,0.0,,,0.0,0.0,,,,,,,,
,,,,0.0,0.0,0.0,0.0,,,0.0,0.0,,,,,,,,
,,,,0.0,0.0,0.0,0.0,,,0.0,0.0,,,,,,,,
,,,,0.0,0.0,0.0,0.0,,,0.0,0.0,,,,,,,,
,,,,0.0,0.0,0.0,0.0,,,0.0,0.0,,,,,,,,
,,,,0.0,0.0,0.0,0.0,,,0.0,0.0,,,,,,,,
,,,,0.0,0.0,0.0,0.0,,,0.0,0.0,,,,,,,,
,,,,0.0,0.0,0.0,0.0,,,0.0,0.0,,,,,,,,
,,,,0.0,0.0,0.0,0.0,,,0.0,0.0,,,,,,,,
,,,,0.0,0.0,0.0,0.0,,,0.0,0.0,,,,,,,,
,,,,0.0,0.0,0.0,0.0,,,0.0,0.0,,,,,,,,
,,,,0.0,0.0,0.0,0.0,,,0.0,0.0,,,,,,,,
,,,,0.0,0.0,0.0,0.0,,,0.0,0.0,,,,,,,,
,,,,0.0,0.0,0.0,0.0,,,0.0,0.0,,,,,,,,
,,,,0.0,0.0,0.0,0.0,,,0.0,0.0,,,,,,,,
,,,,0.0,0.0,0.0,0.0,,,0.0,0.0,,,,,,,,
,,,,0.0,0.0,0.0,0.0,,,0.0,0.0,,,,,,,,
,,,,0.0,0.0,0.0,0.0,,,0.0,0.0,,,,,,,,
,,,,0.0,0.0,0.0,0.0,,,0.0,0.0,,,,,,,,
,,,,0.0,0.0,0.0,0.0,,,0.0,0.0,,,,,,,,
,,,,0.0,0.0,0.0,0.0,,,0.0,0.0,,,,,,,,
,,,,0.0,0.0,0.0,0.0,,,0.0,0.0,,,,,,,,
,,,,0.0,0.0,0.0,0.0,,,0.0,0.0,,,,,,,,
,,,,0.0,0.0,0.0,0.0,,,0.0,0.0,,,,,,,,
,,,,0.0,0.0,0.0,0.0,,,0.0,0.0,,,,,,,,
,,,,0.0,0.0,0.0,0.0,,,0.0,0.0,,,,,,,,
,,,,0.0,0.0,0.0,0.0,,,0.0,0.0,,,,,,,,
,,,,0.0,0.0,0.0,0.0,,,0.0,0.0,,,,,,,,
,,,,0.0,0.0,0.0,0.0,,,0.0,0.0,,,,,,,,
,,,,0.0,0.0,0.0,0.0,,,0.0,0.0,,,,,,,,
,,,,0.0,0.0,0.0,0.0,,,0.0,0.0,,,,,,,,
,,,,0.0,0.0,0.0,0.0,,,0.0,0.0,,,,,,,,
,,,,0.0,0.0,0.0,0.0,,,0.0,0.0,,,,,,,,
,,,,0.0,0.0,0.0,0.0,,,0.0,0.0,,,,,,,,
,,,,0.0,0.0,0.0,0.0,,,0.0,0.0,,,,,,,,
,,,,0.0,0.0,0.0,0.0,,,0.0,0.0,,,,,,,,
,,,,0.0,0.0,0.0,0.0,,,0.0,0.0,,,,,,,,
,,,,0.0,0.0,0.0,0.0,,,0.0,0.0,,,,,,,,
,,,,0.0,0.0,0.0,0.0,,,0.0,0.0,,,,,,,,
,,,,0.0,0.0,0.0,0.0,,,0.0,0.0,,,,,,,,
,,,,0.0,0.0,0.0,0.0,,,0.0,0.0,,,,,,,,
,,,,0.0,0.0,0.0,0.0,,,0.0,0.0,,,,,,,,
,,,,0.0,0.0,0.0,0.0,,,0.0,0.0,,,,,,,,
,,,,0.0,0.0,0.0,0.0,,,0.0,0.0,,,,,,,,
,,,,0.0,0.0,0.0,0.0,,,0.0,0.0,,,,,,,,
,,,,0.0,0.0,0.0,0.0,,,0.0,0.0,,,,,,,,
,,,,0.0,0.0,0.0,0.0,,,0.0,0.0,,,,,,,,
,,,,0.0,0.0,0.0,0.0,,,0.0,0.0,,,,,,,,
,,,,0.0,0.0,0.0,0.0,,,0.0,0.0,,,,,,,,
,,,,0.0,0.0,0.0,0.0,,,0.0,0.0,,,,,,,,
,,,,0.0,0.0,0.0,0.0,,,0.0,0.0,,,,,,,,
,,,,0.0,0.0,0.0,0.0,,,0.0,0.0,,,,,,,,
,,,,0.0,0.0,0.0,0.0,,,0.0,0.0,,,,,,,,
,,,,0.0,0.0,0.0,0.0,,,0.0,0.0,,,,,,,,
,,,,0.0,0.0,0.0,0.0,,,0.0,0.0,,,,,,,,
,,,,0.0,0.0,0.0,0.0,,,0.0,0.0,,,,,,,,
,,,,0.0,0.0,0.0,0.0,,,0.0,0.0,,,,,,,,
,,,,0.0,0.0,0.0,0.0,,,0.0,0.0,,,,,,,,
,,,,0.0,0.0,0.0,0.0,,,0.0,0.0,,,,,,,,
,,,,0.0,0.0,0.0,0.0,,,0.0,0.0,,,,,,,,
,,,,0.0,0.0,0.0,0.0,,,0.0,0.0,,,,,,,,
,,,,0.0,0.0,0.0,0.0,,,0.0,0.0,,,,,,,,
,,,,0.0,0.0,0.0,0.0,,,0.0,0.0,,,,,,,,
,,,,0.0,0.0,0.0,0.0,,,0.0,0.0,,,,,,,,
,,,,0.0,0.0,0.0,0.0,,,0.0,0.0,,,,,,,,
,,,,0.0,0.0,0.0,0.0,,,0.0,0.0,,,,,,,,
,,,,0.0,0.0,0.0,0.0,,,0.0,0.0,,,,,,,,
,,,,0.0,0.0,0.0,0.0,,,0.0,0.0,,,,,,,,
,,,,0.0,0.0,0.0,0.0,,,0.0,0.0,,,,,,,,
,,,,0.0,0.0,0.0,0.0,,,0.0,0.0,,,,,,,,
,,,,0.0,0.0,0.0,0.0,,,0.0,0.0,,,,,,,,
,,,,0.0,0.0,0.0,0.0,,,0.0,0.0,,,,,,,,
,,,,0.0,0.0,0.0,0.0,,,0.0,0.0,,,,,,,,
,,,,0.0,0.0,0.0,0.0,,,0.0,0.0,,,,,,,,
,,,,0.0,0.0,0.0,0.0,,,0.0,0.0,,,,,,,,
,,,,0.0,0.0,0.0,0.0,,,0.0,0.0,,,,,,,,
,,,,0.0,0.0,0.0,0.0,,,0.0,0.0,,,,,,,,
,,,,0.0,0.0,0.0,0.0,,,0.0,0.0,,,,,,,,
,,,,0.0,0.0,0.0,0.0,,,0.0,0.0,,,,,,,,
,,,,0.0,0.0,0.0,0.0,,,0.0,0.0,,,,,,,,
,,,,0.0,0.0,0.0,0.0,,,0.0,0.0,,,,,,,,
,,,,0.0,0.0,0.0,0.0,,,0.0,0.0,,,,,,,,
,,,,0.0,0.0,0.0,0.0,,,0.0,0.0,,,,,,,,
,,,,0.0,0.0,0.0,0.0,,,0.0,0.0,,,,,,,,
,,,,0.0,0.0,0.0,0.0,,,0.0,0.0,,,,,,,,
,,,,0.0,0.0,0.0,0.0,,,0.0,0.0,,,,,,,,
,,,,0.0,0.0,0.0,0.0,,,0.0,0.0,,,,,,,,
,,,,0.0,0.0,0.0,0.0,,,0.0,0.0,,,,,,,,
,,,,0.0,0.0,0.0,0.0,,,0.0,0.0,,,,,,,,
,,,,0.0,0.0,0.0,0.0,,,0.0,0.0,,,,,,,,
,,,,0.0,0.0,0.0,0.0,,,0.0,0.0,,,,,,,,
,,,,0.0,0.0,0.0,0.0,,,0.0,0.0,,,,,,,,
,,,,0.0,0.0,0.0,0.0,,,0.0,0.0,,,,,,,,
,,,,0.0,0.0,0.0,0.0,,,0.0,0.0,,,,,,,,
,,,,0.0,0.0,0.0,0.0,,,0.0,0.0,,,,,,,,
,,,,0.0,0.0,0.0,0.0,,,0.0,0.0,,,,,,,,
,,,,0.0,0.0,0.0,0.0,,,0.0,0.0,,,,,,,,
,,,,0.0,0.0,0.0,0.0,,,0.0,0.0,,,,,,,,
,,,,0.0,0.0,0.0,0.0,,,0.0,0.0,,,,,,,,
,,,,0.0,0.0,0.0,0.0,,,0.0,0.0,,,,,,,,
,,,,0.0,0.0,0.0,0.0,,,0.0,0.0,,,,,,,,
,,,,0.0,0.0,0.0,0.0,,,0.0,0.0,,,,,,,,
,,,,0.0,0.0,0.0,0.0,,,0.0,0.0,,,,,,,,
,,,,0.0,0.0,0.0,0.0,,,0.0,0.0,,,,,,,,
,,,,0.0,0.0,0.0,0.0,,,0.0,0.0,,,,,,,,
,,,,0.0,0.0,0.0,0.0,,,0.0,0.0,,,,,,,,
,,,,0.0,0.0,0.0,0.0,,,0.0,0.0,,,,,,,,
,,,,0.0,0.0,0.0,0.0,,,0.0,0.0,,,,,,,,
,,,,0.0,0.0,0.0,0.0,,,0.0,0.0,,,,,,,,
,,,,0.0,0.0,0.0,0.0,,,0.0,0.0,,,,,,,,
,,,,0.0,0.0,0.0,0.0,,,0.0,0.0,,,,,,,,
,,,,0.0,0.0,0.0,0.0,,,0.0,0.0,,,,,,,,
,,,,0.0,0.0,0.0,0.0,,,0.0,0.0,,,,,,,,
,,,,0.0,0.0,0.0,0.0,,,0.0,0.0,,,,,,,,
,,,,0.0,0.0,0.0,0.0,,,0.0,0.0,,,,,,,,
,,,,0.0,0.0,0.0,0.0,,,0.0,0.0,,,,,,,,
,,,,0.0,0.0,0.0,0.0,,,0.0,0.0,,,,,,,,
,,,,0.0,0.0,,,,,0.0,0.0,,,,,,,,
,,,,0.0,0.0,,,,,0.0,0.0,,,,,,,,
,,,,0.0,0.0,,,,,0.0,0.0,,,,,,,,
,,,,0.0,0.0,,,,,0.0,0.0,,,,,,,,
,,,,0.0,0.0,,,,,0.0,0.0,,,,,,,,
,,,,0.0,0.0,,,,,0.0,0.0,,,,,,,,
,,,,0.0,0.0,,,,,0.0,0.0,,,,,,,,
,,,,0.0,0.0,,,,,0.0,0.0,,,,,,,,
,,,,0.0,0.0,,,,,0.0,0.0,,,,,,,,
,,,,0.0,0.0,,,,,0.0,0.0,,,,,,,,
,,,,0.0,0.0,,,,,0.0,0.0,,,,,,,,
,,,,0.0,0.0,,,,,0.0,0.0,,,,,,,,
,,,,0.0,0.0,,,,,0.0,0.0,,,,,,,,
,,,,0.0,0.0,,,,,0.0,0.0,,,,,,,,
,,,,0.0,0.0,,,,,0.0,0.0,,,,,,,,
,,,,0.0,0.0,,,,,0.0,0.0,,,,,,,,
,,,,0.0,0.0,,,,,0.0,0.0,,,,,,,,
,,,,0.0,0.0,,,,,0.0,0.0,,,,,,,,
,,,,0.0,0.0,,,,,0.0,0.0,,,,,,,,
,,,,0.0,0.0,,,,,0.0,0.0,,,,,,,,
,,,,0.0,0.0,,,,,0.0,0.0,,,,,,,,
,,,,0.0,0.0,,,,,0.0,0.0,,,,,,,,
,,,,0.0,0.0,,,,,0.0,0.0,,,,,,,,
,,,,0.0,0.0,,,,,0.0,0.0,,,,,,,,
,,,,,,,,,,0.0,0.0,,,,,,,,
,,,,,,,,,,0.0,0.0,,,,,,,,
,,,,,,,,,,0.0,0.0,,,,,,,,
,,,,,,,,,,0.0,0.0,,,,,,,,
,,,,,,,,,,0.0,0.0,,,,,,,,
,,,,,,,,,,0.0,0.0,,,,,,,,
,,,,,,,,,,0.0,0.0,,,,,,,,
,,,,,,,,,,0.0,0.0,,,,,,,,
,,,,,,,,,,0.0,0.0,,,,,,,,
,,,,,,,,,,0.0,0.0,,,,,,,,
,,,,,,,,,,0.0,0.0,,,,,,,,
,,,,,,,,,,0.0,0.0,,,,,,,,
,,,,,,,,,,0.0,0.0,,,,,,,,
,,,,,,,,,,0.0,0.0,,,,,,,,
,,,,,,,,,,0.0,0.0,,,,,,,,
,,,,,,,,,,0.0,0.0,,,,,,,,
,,,,,,,,,,0.0,0.0,,,,,,,,
,,,,,,,,,,0.0,0.0,,,,,,,,
,,,,,,,,,,0.0,0.0,,,,,,,,
,,,,,,,,,,0.0,0.0,,,,,,,,
,,,,,,,,,,0.0,0.0,,,,,,,,
,,,,,,,,,,0.0,0.0,,,,,,,,
,,,,,,,,,,0.0,0.0,,,,,,,,
,,,,,,,,,,0.0,0.0,,,,,,,,
,,,,,,,,,,0.0,0.0,,,,,,,,
,,,,,,,,,,0.0,0.0,,,,,,,,
,,,,,,,,,,0.0,0.0,,,,,,,,
,,,,,,,,,,0.0,0.0,,,,,,,,
,,,,,,,,,,0.0,0.0,,,,,,,,
,,,,,,,,,,0.0,0.0,,,,,,,,
,,,,,,,,,,0.0,0.0,,,,,,,,
,,,,,,,,,,0.0,0.0,,,,,,,,
,,,,,,,,,,0.0,0.0,,,,,,,,
,,,,,,,,,,0.0,0.0,,,,,,,,
,,,,,,,,,,0.0,0.0,,,,,,,,
,,,,,,,,,,0.0,0.0,,,,,,,,
,,,,,,,,,,0.0,0.0,,,,,,,,
,,,,,,,,,,0.0,0.0,,,,,,,,
,,,,,,,,,,0.0,0.0,,,,,,,,
,,,,,,,,,,0.0,0.0,,,,,,,,
,,,,,,,,,,0.0,0.0,,,,,,,,
,,,,,,,,,,0.0,0.0,,,,,,,,
,,,,,,,,,,0.0,0.0,,,,,,,,
,,,,,,,,,,0.0,0.0,,,,,,,,
,,,,,,,,,,0.0,0.0,,,,,,,,
,,,,,,,,,,0.0,0.0,,,,,,,,
,,,,,,,,,,0.0,0.0,,,,,,,,
,,,,,,,,,,0.0,0.0,,,,,,,,
,,,,,,,,,,0.0,0.0,,,,,,,,
,,,,,,,,,,0.0,0.0,,,,,,,,
,,,,,,,,,,0.0,0.0,,,,,,,,
,,,,,,,,,,0.0,0.0,,,,,,,,
,,,,,,,,,,0.0,0.0,,,,,,,,
,,,,,,,,,,0.0,0.0,,,,,,,,
,,,,,,,,,,0.0,0.0,,,,,,,,
,,,,,,,,,,0.0,0.0,,,,,,,,
,,,,,,,,,,0.0,0.0,,,,,,,,
,,,,,,,,,,0.0,0.0,,,,,,,,
,,,,,,,,,,0.0,0.0,,,,,,,,
,,,,,,,,,,0.0,0.0,,,,,,,,
,,,,,,,,,,0.0,0.0,,,,,,,,
,,,,,,,,,,0.0,0.0,,,,,,,,
,,,,,,,,,,0.0,0.0,,,,,,,,
,,,,,,,,,,0.0,0.0,,,,,,,,
,,,,,,,,,,0.0,0.0,,,,,,,,
,,,,,,,,,,0.0,0.0,,,,,,,,
,,,,,,,,,,0.0,0.0,,,,,,,,
,,,,,,,,,,0.0,0.0,,,,,,,,
,,,,,,,,,,0.0,0.0,,,,,,,,
,,,,,,,,,,0.0,0.0,,,,,,,,
,,,,,,,,,,0.0,0.0,,,,,,,,
,,,,,,,,,,0.0,0.0,,,,,,,,
,,,,,,,,,,0.0,0.0,,,,,,,,
,,,,,,,,,,0.0,0.0,,,,,,,,
,,,,,,,,,,0.0,0.0,,,,,,,,
,,,,,,,,,,0.0,0.0,,,,,,,,
,,,,,,,,,,0.0,0.0,,,,,,,,
,,,,,,,,,,0.0,0.0,,,,,,,,
,,,,,,,,,,0.0,0.0,,,,,,,,
,,,,,,,,,,0.0,0.0,,,,,,,,
,,,,,,,,,,0.0,0.0,,,,,,,,
,,,,,,,,,,0.0,0.0,,,,,,,,
,,,,,,,,,,0.0,0.0,,,,,,,,
,,,,,,,,,,0.0,0.0,,,,,,,,
,,,,,,,,,,0.0,0.0,,,,,,,,
,,,,,,,,,,0.0,0.0,,,,,,,,
,,,,,,,,,,0.0,0.0,,,,,,,,
,,,,,,,,,,0.0,0.0,,,,,,,,
,,,,,,,,,,0.0,0.0,,,,,,,,
,,,,,,,,,,0.0,0.0,,,,,,,,
,,,,,,,,,,0.0,0.0,,,,,,,,
,,,,,,,,,,0.0,0.0,,,,,,,,
,,,,,,,,,,0.0,0.0,,,,,,,,
,,,,,,,,,,0.0,0.0,,,,,,,,
,,,,,,,,,,0.0,0.0,,,,,,,,
,,,,,,,,,,0.0,0.0,,,,,,,,
,,,,,,,,,,0.0,0.0,,,,,,,,
,,,,,,,,,,0.0,0.0,,,,,,,,
,,,,,,,,,,0.0,0.0,,,,,,,,
,,,,,,,,,,0.0,0.0,,,,,,,,
,,,,,,,,,,0.0,0.0,,,,,,,,
,,,,,,,,,,0.0,0.0,,,,,,,,
,,,,,,,,,,0.0,0.0,,,,,,,,
,,,,,,,,,,0.0,0.0,,,,,,,,
,,,,,,,,,,0.0,0.0,,,,,,,,
,,,,,,,,,,0.0,0.0,,,,,,,,
,,,,,,,,,,0.0,0.0,,,,,,,,
,,,,,,,,,,0.0,0.0,,,,,,,,
,,,,,,,,,,0.0,0.0,,,,,,,,
,,,,,,,,,,0.0,0.0,,,,,,,,
,,,,,,,,,,0.0,0.0,,,,,,,,
,,,,,,,,,,0.0,0.0,,,,,,,,
,,,,,,,,,,0.0,0.0,,,,,,,,
,,,,,,,,,,0.0,0.0,,,,,,,,
,,,,,,,,,,0.0,0.0,,,,,,,,
,,,,,,,,,,0.0,0.0,,,,,,,,
,,,,,,,,,,0.0,0.0,,,,,,,,
,,,,,,,,,,0.0,0.0,,,,,,,,
,,,,,,,,,,0.0,0.0,,,,,,,,
,,,,,,,,,,0.0,0.0,,,,,,,,
,,,,,,,,,,0.0,0.0,,,,,,,,
,,,,,,,,,,0.0,0.0,,,,,,,,
,,,,,,,,,,0.0,0.0,,,,,,,,
,,,,,,,,,,0.0,0.0,,,,,,,,
,,,,,,,,,,0.0,0.0,,,,,,,,
,,,,,,,,,,0.0,0.0,,,,,,,,
,,,,,,,,,,0.0,0.0,,,,,,,,
,,,,,,,,,,0.0,0.0,,,,,,,,
,,,,,,,,,,0.0,0.0,,,,,,,,
,,,,,,,,,,0.0,0.0,,,,,,,,
,,,,,,,,,,0.0,0.0,,,,,,,,
,,,,,,,,,,0.0,0.0,,,,,,,,
,,,,,,,,,,0.0,0.0,,,,,,,,
,,,,,,,,,,0.0,0.0,,,,,,,,
,,,,,,,,,,0.0,0.0,,,,,,,,
,,,,,,,,,,0.0,0.0,,,,,,,,
,,,,,,,,,,0.0,0.0,,,,,,,,
,,,,,,,,,,0.0,0.0,,,,,,,,
,,,,,,,,,,0.0,0.0,,,,,,,,
,,,,,,,,,,0.0,0.0,,,,,,,,
,,,,,,,,,,0.0,0.0,,,,,,,,
,,,,,,,,,,0.0,0.0,,,,,,,,
,,,,,,,,,,0.0,0.0,,,,,,,,
,,,,,,,,,,0.0,0.0,,,,,,,,
,,,,,,,,,,0.0,0.0,,,,,,,,
,,,,,,,,,,0.0,0.0,,,,,,,,
,,,,,,,,,,0.0,0.0,,,,,,,,
,,,,,,,,,,0.0,0.0,,,,,,,,
,,,,,,,,,,0.0,0.0,,,,,,,,
,,,,,,,,,,0.0,0.0,,,,,,,,
,,,,,,,,,,0.0,0.0,,,,,,,,
,,,,,,,,,,0.0,0.0,,,,,,,,
,,,,,,,,,,0.0,0.0,,,,,,,,
,,,,,,,,,,0.0,0.0,,,,,,,,
,,,,,,,,,,0.0,0.0,,,,,,,,
,,,,,,,,,,0.0,0.0,,,,,,,,
,,,,,,,,,,0.0,0.0,,,,,,,,
,,,,,,,,,,0.0,0.0,,,,,,,,
,,,,,,,,,,0.0,0.0,,,,,,,,
,,,,,,,,,,0.0,0.0,,,,,,,,
,,,,,,,,,,0.0,0.0,,,,,,,,
,,,,,,,,,,0.0,0.0,,,,,,,,
,,,,,,,,,,0.0,0.0,,,,,,,,
,,,,,,,,,,0.0,0.0,,,,,,,,
,,,,,,,,,,0.0,0.0,,,,,,,,
,,,,,,,,,,0.0,0.0,,,,,,,,
,,,,,,,,,,0.0,0.0,,,,,,,,
,,,,,,,,,,0.0,0.0,,,,,,,,
